{"id":1074,"age_ratings":[3897,19927],"aggregated_rating":89.0,"aggregated_rating_count":1,"alternative_names":[32149,32150,32151,32152,32153],"category":0,"collection":240,"cover":95422,"created_at":1339200000,"external_games":[154339,190048,245191],"first_release_date":835488000,"follows":0,"franchise":24,"franchises":[24,845],"game_modes":[1],"genres":[8,31],"hypes":1,"involved_companies":[98352,98353],"keywords":[296,535,1027,1057,1435,2049,3061,4263,4381,4480,4711,4907,4918,4940,5598,6130,6137,6138,6139,6140,6142,6143,6154,6159,6163,6178,6184,6192,6470,6522,6649,6777,6802,7230,7243,7552,8267,8867,9225,9429,11187,15091,15795],"name":"Super Mario 64","parent_game":0,"platforms":[4,5,41],"player_perspectives":[2],"popularity":17.271196498003839,"pulse_count":96,"rating":90.1670773799912,"rating_count":903,"release_dates":[131774,131776,143741,143742,143743,143744,194983,194984,194985,194986,194987,194988],"screenshots":[383294,383295,383296,383297,383298,383300,383301],"similar_games":[1077,19150,20342,24426,26226,26758,28309,37001,55190,56033],"slug":"super-mario-64","status":0,"storyline":"Mario is invited to Peach's castle, but when he arrives Peach is nowhere to be seen. He soon learns from Toad that Bowser has once again kidnapped her. The Koopa King has also put a spell on her castle, imprisoning her subjects. So it is up to Mario to break the spell and rescue Peach.","summary":"Super Mario 64 is a 3D platformer game released for the Nintendo 64. Being the first 3D Mario game, Super Mario 64 has introduced several moves, including triple-jumping, ground-pounding, long-jumping, diving, and somersaulting, which would be used in most subsequent installments of the Super Mario series. The core gameplay is similar to previous games, focusing on jumping, avoiding obstacles and defeating enemies. Since its release, Super Mario 64 has been widely acclaimed as one of the greatest and most important games of all time.","tags":[1,268435464,268435487,536871208,536871447,536871939,536871969,536872347,536872961,536873973,536875175,536875293,536875392,536875623,536875819,536875830,536875852,536876510,536877042,536877049,536877050,536877051,536877052,536877054,536877055,536877066,536877071,536877075,536877090,536877096,536877104,536877382,536877434,536877561,536877689,536877714,536878142,536878155,536878464,536879179,536879779,536880137,536880341,536882099,536886003,536886707],"themes":[1],"time_to_beat":1074,"total_rating":89.5835386899956,"total_rating_count":904,"updated_at":1592092800,"url":"https://www.igdb.com/games/super-mario-64","version_parent":0,"videos":[21802,35658],"websites":[15059,15060]}